{
  "Provinces": [
    {
      "Code": "041",
      "Name": "آذربایجان شرقی",
      "Cities": [
        { "Name": "تبریز" },
        { "Name": "مراغه" },
        { "Name": "میانه" },
        { "Name": "مرند" },
        { "Name": "شبستر" },
        { "Name": "بناب" },
        { "Name": "جلفا" },
        { "Name": "هادیشهر" },
        { "Name": "کلیبر" },
        { "Name": "اهر" },
        { "Name": "ورزقان" },
        { "Name": "چاراویماق" },
        { "Name": "هوراند" },
        { "Name": "عجب شیر" },
        { "Name": "سردرود" },
        { "Name": "خداآفرین" },
        { "Name": "ملکان" },
        { "Name": "بستان آباد" },
        { "Name": "کوزه کنان" },
        { "Name": "تسوج" }
      ]
    },
    {
      "Code": "044",
      "Name": "آذربایجان غربی",
      "Cities": [
        { "Name": "ارومیه" },
        { "Name": "خوی" },
        { "Name": "مهاباد" },
        { "Name": "بوکان" },
        { "Name": "میاندوآب" },
        { "Name": "سلماس" },
        { "Name": "نقده" },
        { "Name": "تکاب" },
        { "Name": "پیرانشهر" },
        { "Name": "شاهین دژ" },
        { "Name": "ماکو" },
        { "Name": "چالدران" },
        { "Name": "پلدشت" },
        { "Name": "اشنویه" },
        { "Name": "چایپاره" },
        { "Name": "سردشت" },
        { "Name": "شوط" },
        { "Name": "قوشچی" }
      ]
    },
    {
      "Code": "045",
      "Name": "اردبیل",
      "Cities": [
        { "Name": "اردبیل" },
        { "Name": "پارس آباد" },
        { "Name": "خلخال" },
        { "Name": "مشگین شهر" },
        { "Name": "گرمی" },
        { "Name": "بیله سوار" },
        { "Name": "نمین" },
        { "Name": "نیر" },
        { "Name": "کوثر" },
        { "Name": "سرعین" },
        { "Name": "اصلاندوز" },
        { "Name": "کیوی" },
        { "Name": "عنبران" },
        { "Name": "لاهرود" },
        { "Name": "هیر" }
      ]
    },
    {
      "Code": "031",
      "Name": "اصفهان",
      "Cities": [
        { "Name": "اصفهان" },
        { "Name": "کاشان" },
        { "Name": "نجف آباد" },
        { "Name": "خمینی شهر" },
        { "Name": "شاهین شهر" },
        { "Name": "فولادشهر" },
        { "Name": "نطنز" },
        { "Name": "اردستان" },
        { "Name": "گلپایگان" },
        { "Name": "دهاقان" },
        { "Name": "مبارکه" },
        { "Name": "نائین" },
        { "Name": "تیران" },
        { "Name": "کرون" },
        { "Name": "باغ بهادران" },
        { "Name": "فریدن" },
        { "Name": "فریدونشهر" },
        { "Name": "چادگان" },
        { "Name": "سمیرم" },
        { "Name": "فلاورجان" },
        { "Name": "خوانسار" },
        { "Name": "برخوار" },
        { "Name": "آران و بیدگل" },
        { "Name": "زرین شهر" },
        { "Name": "سده لنجان" }
      ]
    },
    {
      "Code": "026",
      "Name": "البرز",
      "Cities": [
        { "Name": "کرج" },
        { "Name": "نظرآباد" },
        { "Name": "فردیس" },
        { "Name": "هشتگرد" },
        { "Name": "ساوجبلاغ" },
        { "Name": "طالقان" },
        { "Name": "اشتهارد" },
        { "Name": "محمدشهر" },
        { "Name": "مهرشهر" },
        { "Name": "گرمدره" },
        { "Name": "تنکابن کرج" },
        { "Name": "چهارباغ" }
      ]
    },
    {
      "Code": "084",
      "Name": "ایلام",
      "Cities": [
        { "Name": "ایلام" },
        { "Name": "دهلران" },
        { "Name": "آبدانان" },
        { "Name": "دره شهر" },
        { "Name": "مهران" },
        { "Name": "ایوان" },
        { "Name": "سرابله" },
        { "Name": "شیروان چرداول" },
        { "Name": "ملکشاهی" },
        { "Name": "بدره" },
        { "Name": "موسیان" },
        { "Name": "چوار" }
      ]
    },
    {
      "Code": "077",
      "Name": "بوشهر",
      "Cities": [
        { "Name": "بوشهر" },
        { "Name": "برازجان" },
        { "Name": "بندر گناوه" },
        { "Name": "کنگان" },
        { "Name": "دیلم" },
        { "Name": "جم" },
        { "Name": "عسلویه" },
        { "Name": "دیر" },
        { "Name": "دشتی" },
        { "Name": "تنگستان" },
        { "Name": "دشتستان" },
        { "Name": "خارک" }
      ]
    },
    {
      "Code": "021",
      "Name": "تهران",
      "Cities": [
        { "Name": "تهران" },
        { "Name": "ورامین" },
        { "Name": "شهریار" },
        { "Name": "دماوند" },
        { "Name": "اسلامشهر" },
        { "Name": "رباط کریم" },
        { "Name": "شهر ری" },
        { "Name": "قدس" },
        { "Name": "ملارد" },
        { "Name": "پاکدشت" },
        { "Name": "فیروزکوه" },
        { "Name": "شمیرانات" },
        { "Name": "بهارستان" },
        { "Name": "قرچک" },
        { "Name": "پردیس" },
        { "Name": "رودهن" },
        { "Name": "لواسان" },
        { "Name": "پیشوا" },
        { "Name": "چهاردانگه" },
        { "Name": "نسیم شهر" }
      ]
    },
    {
      "Code": "038",
      "Name": "چهارمحال و بختیاری",
      "Cities": [
        { "Name": "شهرکرد" },
        { "Name": "بروجن" },
        { "Name": "فارسان" },
        { "Name": "لردگان" },
        { "Name": "اردل" },
        { "Name": "سامان" },
        { "Name": "گندمان" },
        { "Name": "بن" },
        { "Name": "کیان" },
        { "Name": "طاقانک" },
        { "Name": "نافچ" },
        { "Name": "چلگرد" },
        { "Name": "دستنا" }
      ]
    },
    {
      "Code": "056",
      "Name": "خراسان جنوبی",
      "Cities": [
        { "Name": "بیرجند" },
        { "Name": "قاین" },
        { "Name": "فردوس" },
        { "Name": "طبس" },
        { "Name": "نهبندان" },
        { "Name": "سرایان" },
        { "Name": "سر بیشه" },
        { "Name": "درمیان" },
        { "Name": "زیرکوه" },
        { "Name": "خوسف" },
        { "Name": "خضری" },
        { "Name": "بشرویه" }
      ]
    },
    {
      "Code": "051",
      "Name": "خراسان رضوی",
      "Cities": [
        { "Name": "مشهد" },
        { "Name": "نیشابور" },
        { "Name": "سبزوار" },
        { "Name": "قوچان" },
        { "Name": "گناباد" },
        { "Name": "تربت حیدریه" },
        { "Name": "کاشمر" },
        { "Name": "تایباد" },
        { "Name": "فریمان" },
        { "Name": "درگز" },
        { "Name": "چناران" },
        { "Name": "خلیل آباد" },
        { "Name": "تربت جام" },
        { "Name": "بردسکن" },
        { "Name": "کلات" },
        { "Name": "مه ولات" },
        { "Name": "رشتخوار" },
        { "Name": "داورزن" },
        { "Name": "روشتخوار" },
        { "Name": "فیض آباد" }
      ]
    },
    {
      "Code": "058",
      "Name": "خراسان شمالی",
      "Cities": [
        { "Name": "بجنورد" },
        { "Name": "اسفراین" },
        { "Name": "شیروان" },
        { "Name": "فاروج" },
        { "Name": "جاجرم" },
        { "Name": "گرمه" },
        { "Name": "آشخانه" },
        { "Name": "راز و جرگلان" },
        { "Name": "مانه و سملقان" },
        { "Name": "صفی آباد" }
      ]
    },
    {
      "Code": "061",
      "Name": "خوزستان",
      "Cities": [
        { "Name": "اهواز" },
        { "Name": "آبادان" },
        { "Name": "خرمشهر" },
        { "Name": "دزفول" },
        { "Name": "اندیمشک" },
        { "Name": "بهبهان" },
        { "Name": "شوشتر" },
        { "Name": "مسجد سلیمان" },
        { "Name": "بندر ماهشهر" },
        { "Name": "ایذه" },
        { "Name": "رامهرمز" },
        { "Name": "شادگان" },
        { "Name": "سوسنگرد" },
        { "Name": "هندیجان" },
        { "Name": "امیدیه" },
        { "Name": "باغ ملک" },
        { "Name": "لالی" },
        { "Name": "هفتگل" },
        { "Name": "شوش" },
        { "Name": "دشت آزادگان" },
        { "Name": "کارون" },
        { "Name": "حمیدیه" }
      ]
    },
    {
      "Code": "024",
      "Name": "زنجان",
      "Cities": [
        { "Name": "زنجان" },
        { "Name": "ابهر" },
        { "Name": "خدابنده" },
        { "Name": "خرمدره" },
        { "Name": "طارم" },
        { "Name": "ماهنشان" },
        { "Name": "سلطانیه" },
        { "Name": "ایجرود" },
        { "Name": "قیدار" },
        { "Name": "دندی" },
        { "Name": "سهل آباد" }
      ]
    },
    {
      "Code": "023",
      "Name": "سمنان",
      "Cities": [
        { "Name": "سمنان" },
        { "Name": "شاهرود" },
        { "Name": "دامغان" },
        { "Name": "گرمسار" },
        { "Name": "مهدیشهر" },
        { "Name": "بسطام" },
        { "Name": "آرادان" },
        { "Name": "میامی" },
        { "Name": "سرخه" },
        { "Name": "کلاته خیج" },
        { "Name": "ایوانکی" },
        { "Name": "دیباج" }
      ]
    },
    {
      "Code": "054",
      "Name": "سیستان و بلوچستان",
      "Cities": [
        { "Name": "زاهدان" },
        { "Name": "زابل" },
        { "Name": "چابهار" },
        { "Name": "خاش" },
        { "Name": "ایرانشهر" },
        { "Name": "سراوان" },
        { "Name": "نیک شهر" },
        { "Name": "کنارک" },
        { "Name": "سرباز" },
        { "Name": "میرجاوه" },
        { "Name": "راسک" },
        { "Name": "دلگان" },
        { "Name": "فنوج" },
        { "Name": "قصرقند" },
        { "Name": "هامون" },
        { "Name": "نیمروز" },
        { "Name": "زهک" },
        { "Name": "هیرمند" },
        { "Name": "کهیر" }
      ]
    },
    {
      "Code": "071",
      "Name": "فارس",
      "Cities": [
        { "Name": "شیراز" },
        { "Name": "مرودشت" },
        { "Name": "جهرم" },
        { "Name": "لار" },
        { "Name": "کازرون" },
        { "Name": "داراب" },
        { "Name": "فسا" },
        { "Name": "نی ریز" },
        { "Name": "فیروزآباد" },
        { "Name": "اقلید" },
        { "Name": "ممسنی" },
        { "Name": "آباده" },
        { "Name": "سپیدان" },
        { "Name": "استهبان" },
        { "Name": "خرامه" },
        { "Name": "لامرد" },
        { "Name": "پاسارگاد" },
        { "Name": "زرین دشت" },
        { "Name": "مهر" },
        { "Name": "رستم" },
        { "Name": "بوانات" },
        { "Name": "فراشبند" },
        { "Name": "گراش" }
      ]
    },
    {
      "Code": "028",
      "Name": "قزوین",
      "Cities": [
        { "Name": "قزوین" },
        { "Name": "تاکستان" },
        { "Name": "البرز" },
        { "Name": "بوئین زهرا" },
        { "Name": "آبیک" },
        { "Name": "محمودآباد نمونه" },
        { "Name": "الوند" },
        { "Name": "اقبالیه" },
        { "Name": "شال" },
        { "Name": "کوهین" },
        { "Name": "ضیاء آباد" }
      ]
    },
    {
      "Code": "025",
      "Name": "قم",
      "Cities": [
        { "Name": "قم" },
        { "Name": "سلفچگان" },
        { "Name": "دستجرد" },
        { "Name": "کهک" },
        { "Name": "جعفریه" },
        { "Name": "قنوات" },
        { "Name": "محمدیه" },
        { "Name": "کاوه" },
        { "Name": "پردیسان" },
        { "Name": "قمرود" }
      ]
    },
    {
      "Code": "087",
      "Name": "کردستان",
      "Cities": [
        { "Name": "سنندج" },
        { "Name": "سقز" },
        { "Name": "بانه" },
        { "Name": "مریوان" },
        { "Name": "قروه" },
        { "Name": "کامیاران" },
        { "Name": "بیجار" },
        { "Name": "دیواندره" },
        { "Name": "سروآباد" },
        { "Name": "دهگلان" }
      ]
    },
    {
      "Code": "034",
      "Name": "کرمان",
      "Cities": [
        { "Name": "کرمان" },
        { "Name": "رفسنجان" },
        { "Name": "سیرجان" },
        { "Name": "بم" },
        { "Name": "جیرفت" },
        { "Name": "کهنوج" },
        { "Name": "راور" },
        { "Name": "بردسیر" },
        { "Name": "زرند" },
        { "Name": "شهر بابک" },
        { "Name": "انار" },
        { "Name": "بافت" },
        { "Name": "رودبار جنوب" },
        { "Name": "عنبرآباد" },
        { "Name": "ریگان" },
        { "Name": "فهرج" },
        { "Name": "منوجان" },
        { "Name": "قلعه گنج" }
      ]
    },
    {
      "Code": "083",
      "Name": "کرمانشاه",
      "Cities": [
        { "Name": "کرمانشاه" },
        { "Name": "اسلام آباد غرب" },
        { "Name": "کنگاور" },
        { "Name": "هرسین" },
        { "Name": "قصر شیرین" },
        { "Name": "پاوه" },
        { "Name": "جوانرود" },
        { "Name": "صحنه" },
        { "Name": "سرپل ذهاب" },
        { "Name": "گیلانغرب" },
        { "Name": "روانسر" },
        { "Name": "ثلاث باباجانی" },
        { "Name": "دالاهو" },
        { "Name": "سومار" }
      ]
    },
    {
      "Code": "074",
      "Name": "کهگیلویه و بویراحمد",
      "Cities": [
        { "Name": "یاسوج" },
        { "Name": "دوگنبدان" },
        { "Name": "دهدشت" },
        { "Name": "چرام" },
        { "Name": "گچساران" },
        { "Name": "بویراحمد" },
        { "Name": "بهمئی" },
        { "Name": "لنده" },
        { "Name": "باشت" },
        { "Name": "دنا" },
        { "Name": "کهگیلویه" },
        { "Name": "مارگون" }
      ]
    },
    {
      "Code": "017",
      "Name": "گلستان",
      "Cities": [
        { "Name": "گرگان" },
        { "Name": "گنبد کاووس" },
        { "Name": "علی آباد کتول" },
        { "Name": "آق قلا" },
        { "Name": "کردکوی" },
        { "Name": "بندر گز" },
        { "Name": "کلاله" },
        { "Name": "مینودشت" },
        { "Name": "آزادشهر" },
        { "Name": "رامیان" },
        { "Name": "گالیکش" },
        { "Name": "مراوه تپه" },
        { "Name": "گمیشان" },
        { "Name": "بندر ترکمن" }
      ]
    },
    {
      "Code": "013",
      "Name": "گیلان",
      "Cities": [
        { "Name": "رشت" },
        { "Name": "انزلی" },
        { "Name": "لاهیجان" },
        { "Name": "آستانه اشرفیه" },
        { "Name": "بندر انزلی" },
        { "Name": "لنگرود" },
        { "Name": "تالش" },
        { "Name": "رودسر" },
        { "Name": "فومن" },
        { "Name": "صومعه سرا" },
        { "Name": "رودبار" },
        { "Name": "شفت" },
        { "Name": "املش" },
        { "Name": "ماسال" },
        { "Name": "آستارا" },
        { "Name": "سیاهکل" },
        { "Name": "کلاچای" },
        { "Name": "رضوانشهر" }
      ]
    },
    {
      "Code": "066",
      "Name": "لرستان",
      "Cities": [
        { "Name": "خرم آباد" },
        { "Name": "بروجرد" },
        { "Name": "دورود" },
        { "Name": "کوهدشت" },
        { "Name": "الیگودرز" },
        { "Name": "نورآباد" },
        { "Name": "پل دختر" },
        { "Name": "ازنا" },
        { "Name": "دلفان" },
        { "Name": "رومشکان" },
        { "Name": "چگنی" }
      ]
    },
    {
      "Code": "011",
      "Name": "مازندران",
      "Cities": [
        { "Name": "ساری" },
        { "Name": "آمل" },
        { "Name": "بابل" },
        { "Name": "قائم شهر" },
        { "Name": "گرگان" },
        { "Name": "بهشهر" },
        { "Name": "نکا" },
        { "Name": "تنکابن" },
        { "Name": "چالوس" },
        { "Name": "رامسر" },
        { "Name": "نوشهر" },
        { "Name": "محمود آباد" },
        { "Name": "فریدون کنار" },
        { "Name": "نور" },
        { "Name": "کلارآباد" },
        { "Name": "جویبار" },
        { "Name": "گلوگاه" },
        { "Name": "مینودشت" },
        { "Name": "سوادکوه" },
        { "Name": "عباس آباد" },
        { "Name": "کلاردشت" },
        { "Name": "سوادکوه شمالی" }
      ]
    },
    {
      "Code": "086",
      "Name": "مرکزی",
      "Cities": [
        { "Name": "اراک" },
        { "Name": "ساوه" },
        { "Name": "خمین" },
        { "Name": "محلات" },
        { "Name": "دلیجان" },
        { "Name": "تفرش" },
        { "Name": "شازند" },
        { "Name": "کمیجان" },
        { "Name": "آشتیان" },
        { "Name": "فراهان" },
        { "Name": "زرندیه" }
      ]
    },
    {
      "Code": "076",
      "Name": "هرمزگان",
      "Cities": [
        { "Name": "بندر عباس" },
        { "Name": "بندر لنگه" },
        { "Name": "قشم" },
        { "Name": "کیش" },
        { "Name": "میناب" },
        { "Name": "بندرخمیر" },
        { "Name": "حاجی آباد" },
        { "Name": "رودان" },
        { "Name": "جاسک" },
        { "Name": "پارسیان" },
        { "Name": "بشاگرد" },
        { "Name": "ابوموسی" },
        { "Name": "سیرک" },
        { "Name": "گاوبندی" }
      ]
    },
    {
      "Code": "081",
      "Name": "همدان",
      "Cities": [
        { "Name": "همدان" },
        { "Name": "ملایر" },
        { "Name": "نهاوند" },
        { "Name": "تویسرکان" },
        { "Name": "اسدآباد" },
        { "Name": "بهار" },
        { "Name": "کبودرآهنگ" },
        { "Name": "رزن" },
        { "Name": "فامنین" },
        { "Name": "درگزین" }
      ]
    },
    {
      "Code": "035",
      "Name": "یزد",
      "Cities": [
        { "Name": "یزد" },
        { "Name": "اردکان" },
        { "Name": "میبد" },
        { "Name": "تفت" },
        { "Name": "بافق" },
        { "Name": "ابرکوه" },
        { "Name": "مهریز" },
        { "Name": "اشکذر" },
        { "Name": "زارچ" },
        { "Name": "بهاباد" },
        { "Name": "خاتم" },
        { "Name": "صدوق" }
      ]
    }
  ]
}